{
  "(0, 0, 0)": {
    "((0, 0, 0), 0, 1)": 0.6677611079693512,
    "((0, 1, 0), 0, 0)": 0.06811705088542186,
    "((0, 0, 0), 1, 0)": 0.04151946597474025,
    "((1, 0, 0), 0, 0)": 0.21551123825998247,
    "((0, 0, 1), 0, 0)": 0.007091136910504197
  },
  "(0, 0, 1)": {
    "((0, 0, 1), 0, 1)": 0.4893764406597475,
    "((1, 0, 0), 1, 0)": 0.22609848439608737,
    "((0, 0, 0), 2, 0)": 0.03571044679860025,
    "((0, 0, 0), 1, 1)": 0.14364198784172746,
    "((0, 0, 1), 1, 0)": 0.008408078443550024,
    "((0, 1, 0), 1, 0)": 0.07014296122012684,
    "((1, 0, 1), 0, 0)": 0.004144322755556617,
    "((0, 0, 0), 0, 2)": 0.005744724050209604,
    "((1, 0, 0), 0, 1)": 0.013519807951844641,
    "((0, 1, 0), 0, 1)": 0.003129142829843901,
    "((0, 1, 1), 0, 0)": 8.360305270575308e-05
  },
  "(0, 1, 0)": {
    "((0, 0, 0), 2, 0)": 0.03596118671916173,
    "((0, 1, 0), 0, 1)": 0.4823681681495489,
    "((1, 1, 0), 0, 0)": 0.007277490157175187,
    "((0, 0, 1), 0, 1)": 0.17711271971975076,
    "((1, 0, 0), 1, 0)": 0.09961016213535047,
    "((1, 0, 1), 0, 0)": 0.08171482158911245,
    "((0, 1, 0), 1, 0)": 0.07868059645968317,
    "((0, 0, 1), 1, 0)": 0.008474904671854171,
    "((1, 0, 0), 0, 1)": 0.014229469572495893,
    "((0, 0, 0), 0, 2)": 0.0054561800539417804,
    "((0, 1, 1), 0, 0)": 0.0033752363828006325,
    "((0, 0, 0), 1, 1)": 0.005739064389124841
  },
  "(0, 1, 1)": {
    "((0, 1, 1), 0, 1)": 0.4239081422313837,
    "((0, 0, 1), 1, 1)": 0.11834900798763205,
    "((0, 1, 0), 2, 0)": 0.08029502705488276,
    "((1, 0, 0), 2, 0)": 0.10166516361762433,
    "((0, 0, 0), 3, 0)": 0.03367366658077815,
    "((0, 0, 1), 2, 0)": 0.008841149188353516,
    "((1, 0, 1), 1, 0)": 0.09274349394485958,
    "((1, 1, 0), 1, 0)": 0.006586575624838959,
    "((1, 0, 1), 0, 1)": 0.01724748776088637,
    "((0, 1, 0), 1, 1)": 0.07633341922185004,
    "((1, 0, 0), 0, 2)": 0.0002737696469981963,
    "((1, 1, 0), 0, 1)": 0.007585029631538264,
    "((0, 1, 1), 1, 0)": 0.005088894614790003,
    "((0, 0, 0), 2, 1)": 0.005958515846431332,
    "((0, 0, 0), 1, 2)": 0.002045220304045349,
    "((0, 1, 0), 0, 2)": 0.005523705230610667,
    "((0, 0, 1), 0, 2)": 0.0026249677918062353,
    "((1, 0, 0), 1, 1)": 0.0070696985313063645,
    "((1, 1, 1), 0, 0)": 0.004154856995619686,
    "((0, 0, 0), 0, 3)": 3.220819376449369e-05
  },
  "(1, 0, 0)": {
    "((1, 0, 1), 0, 0)": 0.05991145750403398,
    "((1, 0, 0), 0, 1)": 0.4805671053301138,
    "((1, 1, 0), 0, 0)": 0.16430099195829279,
    "((0, 0, 0), 0, 2)": 0.1034768605989176,
    "((0, 0, 0), 2, 0)": 0.04044655358922126,
    "((0, 1, 0), 0, 1)": 0.0752217255773565,
    "((0, 0, 1), 0, 1)": 0.0020108371812823066,
    "((0, 1, 1), 0, 0)": 0.04073874054290962,
    "((0, 1, 0), 1, 0)": 0.02381323672560198,
    "((0, 0, 1), 1, 0)": 0.008179593203534478,
    "((0, 0, 0), 1, 1)": 0.0008552213644474137,
    "((1, 0, 0), 1, 0)": 0.00047767642428828675
  },
  "(1, 0, 1)": {
    "((1, 1, 1), 0, 0)": 0.0031171249582527907,
    "((1, 0, 1), 0, 1)": 0.37052292807335363,
    "((1, 1, 0), 1, 0)": 0.17138114949043104,
    "((1, 0, 1), 1, 0)": 0.056685119776538576,
    "((0, 0, 0), 3, 0)": 0.03685899057778138,
    "((0, 1, 1), 1, 0)": 0.04095780748717222,
    "((0, 1, 0), 1, 1)": 0.042111548543148906,
    "((0, 0, 1), 0, 2)": 0.05935694116932668,
    "((1, 0, 0), 1, 1)": 0.12423969476464694,
    "((1, 1, 0), 0, 1)": 0.013429950712991731,
    "((0, 0, 1), 2, 0)": 0.009027517736238602,
    "((0, 0, 0), 1, 2)": 0.02012974526611948,
    "((0, 1, 1), 0, 1)": 0.01726563369733526,
    "((0, 1, 0), 2, 0)": 0.025382303231487012,
    "((1, 0, 0), 0, 2)": 0.004361950834438158,
    "((0, 0, 1), 1, 1)": 0.002337843718689593,
    "((1, 0, 0), 2, 0)": 0.0005768705279883411,
    "((0, 0, 0), 2, 1)": 0.0011739821271341678,
    "((0, 1, 0), 0, 2)": 0.00100193302229554,
    "((0, 0, 0), 0, 3)": 8.096428462994261e-05
  },
  "(1, 1, 0)": {
    "((1, 1, 0), 0, 1)": 0.4379488499675985,
    "((0, 1, 0), 0, 2)": 0.05397739882289235,
    "((1, 1, 1), 0, 0)": 0.07959680068176371,
    "((0, 1, 1), 1, 0)": 0.043959555788333673,
    "((1, 1, 0), 1, 0)": 0.06589938659020497,
    "((1, 0, 1), 0, 1)": 0.08016049853971186,
    "((0, 0, 0), 3, 0)": 0.03877087235572442,
    "((0, 1, 1), 0, 1)": 0.06604585926195528,
    "((1, 0, 1), 1, 0)": 0.049396798906337386,
    "((0, 1, 0), 2, 0)": 0.02638283517829719,
    "((0, 0, 0), 2, 1)": 0.0008388889382062867,
    "((0, 0, 1), 0, 2)": 0.02545073635806798,
    "((1, 0, 0), 1, 1)": 0.00470487975925219,
    "((0, 0, 1), 2, 0)": 0.009178954096352387,
    "((0, 0, 1), 1, 1)": 0.001602322257632114,
    "((1, 0, 0), 0, 2)": 0.011722252305834938,
    "((0, 1, 0), 1, 1)": 0.0034798355955223746,
    "((0, 0, 0), 1, 2)": 0.00010652557945476657,
    "((1, 0, 0), 2, 0)": 0.00046604941011460375,
    "((0, 0, 0), 0, 3)": 0.0003106996067430692
  },
  "(1, 1, 1)": {
    "((1, 1, 0), 1, 1)": 0.059878226439057186,
    "((1, 1, 0), 2, 0)": 0.06446029907985008,
    "((1, 1, 1), 0, 1)": 0.4032846488115249,
    "((1, 0, 1), 1, 1)": 0.07112173620708977,
    "((0, 1, 1), 0, 2)": 0.054860358846014964,
    "((1, 1, 1), 1, 0)": 0.0940694532641042,
    "((0, 1, 1), 1, 1)": 0.03346905233274812,
    "((0, 1, 1), 2, 0)": 0.047613711354326196,
    "((0, 0, 0), 4, 0)": 0.03862388405364013,
    "((1, 0, 0), 2, 1)": 0.00444510851294311,
    "((1, 0, 0), 1, 2)": 0.0019050465055470472,
    "((1, 0, 1), 2, 0)": 0.0476759677760761,
    "((1, 1, 0), 0, 2)": 0.011193704630632649,
    "((0, 1, 0), 2, 1)": 0.003336944205794828,
    "((0, 1, 0), 3, 0)": 0.026546138234158852,
    "((1, 0, 1), 0, 2)": 0.006810852539439443,
    "((0, 0, 1), 3, 0)": 0.010558689128783634,
    "((0, 0, 1), 1, 2)": 0.015501849015725972,
    "((0, 0, 0), 3, 1)": 0.0010957130227983016,
    "((0, 0, 1), 2, 1)": 0.0018801439368470857,
    "((0, 0, 0), 0, 3)": 0.0001120615591498263,
    "((0, 1, 0), 1, 2)": 0.0009338463262485526,
    "((1, 0, 0), 3, 0)": 0.0005105026583492087,
    "((0, 0, 0), 2, 2)": 8.71589904498649e-05,
    "((0, 0, 0), 1, 3)": 2.49025686999614e-05
  }
}