{
  "(0, 0, 0)": {
    "((0, 0, 0), 0, 0)": 0.0007962476827948294
  },
  "(0, 0, 1)": {
    "((0, 0, 0), 1, 0)": 0.022528524018313508,
    "((0, 0, 0), 0, 1)": 0.003875875099924905,
    "((0, 0, 1), 0, 0)": 6.056054843632664e-05
  },
  "(0, 1, 0)": {
    "((0, 0, 0), 0, 1)": 0.02101864201121128,
    "((0, 0, 1), 0, 0)": 0.14740124948606612,
    "((0, 0, 0), 1, 0)": 0.0034997643425156186,
    "((0, 1, 0), 0, 0)": 0.0001504196708817601
  },
  "(0, 1, 1)": {
    "((0, 0, 1), 1, 0)": 0.012834942637679442,
    "((0, 0, 0), 2, 0)": 0.0002961909839464487,
    "((0, 1, 0), 0, 1)": 0.0012933672965661591,
    "((0, 0, 1), 0, 1)": 0.0006318740990857571,
    "((0, 1, 0), 1, 0)": 0.0002863179511482337,
    "((0, 0, 0), 1, 1)": 9.873032798214956e-05,
    "((0, 1, 1), 0, 0)": 9.873032798214955e-06
  },
  "(1, 0, 0)": {
    "((0, 1, 0), 0, 0)": 0.35931789299470984,
    "((0, 0, 0), 0, 1)": 0.12033415756238364,
    "((0, 0, 1), 0, 0)": 0.020727226157286546,
    "((0, 0, 0), 1, 0)": 0.0003694253711493562,
    "((1, 0, 0), 0, 0)": 0.00034972268468805724
  },
  "(1, 0, 1)": {
    "((0, 1, 1), 0, 0)": 0.04436200278010476,
    "((0, 1, 0), 1, 0)": 0.011258503714477718,
    "((1, 0, 0), 1, 0)": 0.00043266531036831784,
    "((0, 1, 0), 0, 1)": 0.0008331108635815483,
    "((0, 0, 1), 0, 1)": 0.004667261965036961,
    "((0, 0, 1), 1, 0)": 0.0013854495576687625,
    "((1, 0, 0), 0, 1)": 0.002016036233418332,
    "((0, 0, 0), 1, 1)": 0.0004280624879175911,
    "((0, 0, 0), 2, 0)": 5.5233869408721425e-05,
    "((0, 0, 0), 0, 2)": 6.4439514310175e-05,
    "((1, 0, 1), 0, 0)": 4.142540205654107e-05
  },
  "(1, 1, 0)": {
    "((0, 1, 1), 0, 0)": 0.043191772503520715,
    "((1, 0, 1), 0, 0)": 0.00953931360008958,
    "((1, 0, 0), 0, 1)": 0.005801108541454024,
    "((0, 1, 0), 0, 1)": 0.0036305378622462823,
    "((0, 0, 1), 0, 1)": 0.0007536703747249103,
    "((0, 1, 0), 1, 0)": 0.0005426426698019355,
    "((0, 0, 1), 1, 0)": 0.0006847633690357757,
    "((0, 0, 0), 0, 2)": 5.598694212242191e-05,
    "((0, 0, 0), 2, 0)": 5.1680254266850996e-05,
    "((0, 0, 0), 1, 1)": 2.5840127133425498e-05,
    "((1, 1, 0), 0, 0)": 5.598694212242191e-05,
    "((1, 0, 0), 1, 0)": 4.306687855570916e-06
  },
  "(1, 1, 1)": {
    "((0, 1, 1), 1, 0)": 0.006903416251222836,
    "((1, 1, 0), 1, 0)": 0.00015378897589357802,
    "((1, 1, 0), 0, 1)": 0.00032039369977828754,
    "((0, 1, 1), 0, 1)": 0.00027767453980784924,
    "((1, 0, 0), 1, 1)": 1.7087663988175336e-05,
    "((1, 0, 1), 1, 0)": 9.398215193496435e-05,
    "((0, 1, 0), 1, 1)": 1.7087663988175336e-05,
    "((0, 1, 0), 2, 0)": 5.9806823958613676e-05,
    "((1, 0, 1), 0, 1)": 6.835065595270134e-05,
    "((1, 1, 1), 0, 0)": 4.271915997043834e-05,
    "((0, 0, 1), 2, 0)": 9.825406793200819e-05,
    "((0, 0, 0), 3, 0)": 1.2815747991131502e-05,
    "((0, 0, 1), 1, 1)": 4.271915997043834e-06,
    "((1, 0, 0), 0, 2)": 4.271915997043834e-06
  }
}